39M@M,TransformCopyTranslation<>IdsAreSame,AssertionRoulette
39M@M,RingBufferTest<>Clear,AssertionRoulette
39M@M,RingBufferTest<>PushFront,AssertionRoulette
39M@M,HeapElement<>HeapTest,AssertionRoulette
39M@M,RingBufferTest<>PushBack,AssertionRoulette
39M@M,TransformCopyTranslation<>IdsAreSame,AssertionRoulette
39M@M,RingBufferTest<>Clear,AssertionRoulette
39M@M,RingBufferTest<>PushFront,AssertionRoulette
39M@M,HeapElement<>HeapTest,AssertionRoulette
39M@M,RingBufferTest<>PushBack,AssertionRoulette
39M@M,TransformCopyTranslation<>IdsAreSame,AssertionRoulette
39M@M,RingBufferTest<>Clear,AssertionRoulette
39M@M,RingBufferTest<>PushFront,AssertionRoulette
39M@M,HeapElement<>HeapTest,AssertionRoulette
39M@M,RingBufferTest<>PushBack,AssertionRoulette
A11YTK@A11YTK,CustomExtensionsTest<>ResetRectTransform,AssertionRoulette
A11YTK@A11YTK,SRTTest<>ParseSubtitlesFromSRTContents,AssertionRoulette
A11YTK@A11YTK,SRTTest<>ParseTimeFromContentString,AssertionRoulette
A11YTK@A11YTK,CustomExtensionsTest<>ToColorFromString,AssertionRoulette
A11YTK@A11YTK,CustomExtensionsTest<>ChunkListWithPatternDelimiterFromList,AssertionRoulette
A11YTK@A11YTK,SubtitleOptionsReferenceTest<>SaveAndLoad,AssertionRoulette
39M@M,TransformCopyTranslation<>IdsAreSame,AssertionRoulette
39M@M,RingBufferTest<>Clear,AssertionRoulette
39M@M,RingBufferTest<>PushFront,AssertionRoulette
39M@M,HeapElement<>HeapTest,AssertionRoulette
39M@M,RingBufferTest<>PushBack,AssertionRoulette
A11YTK@A11YTK,CustomExtensionsTest<>ResetRectTransform,AssertionRoulette
A11YTK@A11YTK,SRTTest<>ParseSubtitlesFromSRTContents,AssertionRoulette
A11YTK@A11YTK,SRTTest<>ParseTimeFromContentString,AssertionRoulette
A11YTK@A11YTK,CustomExtensionsTest<>ToColorFromString,AssertionRoulette
A11YTK@A11YTK,CustomExtensionsTest<>ChunkListWithPatternDelimiterFromList,AssertionRoulette
A11YTK@A11YTK,SubtitleOptionsReferenceTest<>SaveAndLoad,AssertionRoulette
addyi@SoftwareCity,DocumentSorterTest<>SortingByWidthDescTest,AssertionRoulette
addyi@SoftwareCity,ModelTest<>AreSelectedMetricsConform,AssertionRoulette
addyi@SoftwareCity,ComponentProducerTest<>GeneratePackageTest,AssertionRoulette
addyi@SoftwareCity,ComponentLayoutTest<>CornerTest,AssertionRoulette
addyi@SoftwareCity,DocumentSorterTest<>SortingByWidthAscTest,AssertionRoulette
addyi@SoftwareCity,DocumentSorterTest<>SortingByHeightAndWidthDescTest,AssertionRoulette
addyi@SoftwareCity,CylinderTest<>MeshTest,AssertionRoulette
addyi@SoftwareCity,OverviewElementsTest<>RemoveElementsTest,AssertionRoulette
addyi@SoftwareCity,DocumentSorterTest<>SortingByHeightAscTest,AssertionRoulette
addyi@SoftwareCity,ModelTest<>CredentialTest,AssertionRoulette
addyi@SoftwareCity,PyramidTest<>Mesh,AssertionRoulette
addyi@SoftwareCity,DocumentSorterTest<>SortingByHeightDescTest,AssertionRoulette
addyi@SoftwareCity,ComponentLayoutTest<>HelixTest,AssertionRoulette
addyi@SoftwareCity,DocumentSorterTest<>SortingByHeightAndWidthAscTest,AssertionRoulette
39M@M,TransformCopyTranslation<>IdsAreSame,AssertionRoulette
39M@M,RingBufferTest<>Clear,AssertionRoulette
39M@M,RingBufferTest<>PushFront,AssertionRoulette
39M@M,HeapElement<>HeapTest,AssertionRoulette
39M@M,RingBufferTest<>PushBack,AssertionRoulette
A11YTK@A11YTK,CustomExtensionsTest<>ResetRectTransform,AssertionRoulette
A11YTK@A11YTK,SRTTest<>ParseSubtitlesFromSRTContents,AssertionRoulette
A11YTK@A11YTK,SRTTest<>ParseTimeFromContentString,AssertionRoulette
A11YTK@A11YTK,CustomExtensionsTest<>ToColorFromString,AssertionRoulette
A11YTK@A11YTK,CustomExtensionsTest<>ChunkListWithPatternDelimiterFromList,AssertionRoulette
A11YTK@A11YTK,SubtitleOptionsReferenceTest<>SaveAndLoad,AssertionRoulette
addyi@SoftwareCity,DocumentSorterTest<>SortingByWidthDescTest,AssertionRoulette
addyi@SoftwareCity,ModelTest<>AreSelectedMetricsConform,AssertionRoulette
addyi@SoftwareCity,ComponentProducerTest<>GeneratePackageTest,AssertionRoulette
addyi@SoftwareCity,ComponentLayoutTest<>CornerTest,AssertionRoulette
addyi@SoftwareCity,DocumentSorterTest<>SortingByWidthAscTest,AssertionRoulette
addyi@SoftwareCity,DocumentSorterTest<>SortingByHeightAndWidthDescTest,AssertionRoulette
addyi@SoftwareCity,CylinderTest<>MeshTest,AssertionRoulette
addyi@SoftwareCity,OverviewElementsTest<>RemoveElementsTest,AssertionRoulette
addyi@SoftwareCity,DocumentSorterTest<>SortingByHeightAscTest,AssertionRoulette
addyi@SoftwareCity,ModelTest<>CredentialTest,AssertionRoulette
addyi@SoftwareCity,PyramidTest<>Mesh,AssertionRoulette
addyi@SoftwareCity,DocumentSorterTest<>SortingByHeightDescTest,AssertionRoulette
addyi@SoftwareCity,ComponentLayoutTest<>HelixTest,AssertionRoulette
addyi@SoftwareCity,DocumentSorterTest<>SortingByHeightAndWidthAscTest,AssertionRoulette
39M@M,TransformCopyTranslation<>IdsAreSame,AssertionRoulette
39M@M,RingBufferTest<>Clear,AssertionRoulette
39M@M,RingBufferTest<>PushFront,AssertionRoulette
39M@M,HeapElement<>HeapTest,AssertionRoulette
39M@M,RingBufferTest<>PushBack,AssertionRoulette
A11YTK@A11YTK,CustomExtensionsTest<>ResetRectTransform,AssertionRoulette
A11YTK@A11YTK,SRTTest<>ParseSubtitlesFromSRTContents,AssertionRoulette
A11YTK@A11YTK,SRTTest<>ParseTimeFromContentString,AssertionRoulette
A11YTK@A11YTK,CustomExtensionsTest<>ToColorFromString,AssertionRoulette
A11YTK@A11YTK,CustomExtensionsTest<>ChunkListWithPatternDelimiterFromList,AssertionRoulette
A11YTK@A11YTK,SubtitleOptionsReferenceTest<>SaveAndLoad,AssertionRoulette
addyi@SoftwareCity,DocumentSorterTest<>SortingByWidthDescTest,AssertionRoulette
addyi@SoftwareCity,ModelTest<>AreSelectedMetricsConform,AssertionRoulette
addyi@SoftwareCity,ComponentProducerTest<>GeneratePackageTest,AssertionRoulette
addyi@SoftwareCity,ComponentLayoutTest<>CornerTest,AssertionRoulette
addyi@SoftwareCity,DocumentSorterTest<>SortingByWidthAscTest,AssertionRoulette
addyi@SoftwareCity,DocumentSorterTest<>SortingByHeightAndWidthDescTest,AssertionRoulette
addyi@SoftwareCity,CylinderTest<>MeshTest,AssertionRoulette
addyi@SoftwareCity,OverviewElementsTest<>RemoveElementsTest,AssertionRoulette
addyi@SoftwareCity,DocumentSorterTest<>SortingByHeightAscTest,AssertionRoulette
addyi@SoftwareCity,ModelTest<>CredentialTest,AssertionRoulette
addyi@SoftwareCity,PyramidTest<>Mesh,AssertionRoulette
addyi@SoftwareCity,DocumentSorterTest<>SortingByHeightDescTest,AssertionRoulette
addyi@SoftwareCity,ComponentLayoutTest<>HelixTest,AssertionRoulette
addyi@SoftwareCity,DocumentSorterTest<>SortingByHeightAndWidthAscTest,AssertionRoulette
39M@M,TransformCopyTranslation<>IdsAreSame,AssertionRoulette
39M@M,RingBufferTest<>Clear,AssertionRoulette
39M@M,RingBufferTest<>PushFront,AssertionRoulette
39M@M,HeapElement<>HeapTest,AssertionRoulette
39M@M,RingBufferTest<>PushBack,AssertionRoulette
A11YTK@A11YTK,CustomExtensionsTest<>ResetRectTransform,AssertionRoulette
A11YTK@A11YTK,SRTTest<>ParseSubtitlesFromSRTContents,AssertionRoulette
A11YTK@A11YTK,SRTTest<>ParseTimeFromContentString,AssertionRoulette
A11YTK@A11YTK,CustomExtensionsTest<>ToColorFromString,AssertionRoulette
A11YTK@A11YTK,CustomExtensionsTest<>ChunkListWithPatternDelimiterFromList,AssertionRoulette
A11YTK@A11YTK,SubtitleOptionsReferenceTest<>SaveAndLoad,AssertionRoulette
addyi@SoftwareCity,DocumentSorterTest<>SortingByWidthDescTest,AssertionRoulette
addyi@SoftwareCity,ModelTest<>AreSelectedMetricsConform,AssertionRoulette
addyi@SoftwareCity,ComponentProducerTest<>GeneratePackageTest,AssertionRoulette
addyi@SoftwareCity,ComponentLayoutTest<>CornerTest,AssertionRoulette
addyi@SoftwareCity,DocumentSorterTest<>SortingByWidthAscTest,AssertionRoulette
addyi@SoftwareCity,DocumentSorterTest<>SortingByHeightAndWidthDescTest,AssertionRoulette
addyi@SoftwareCity,CylinderTest<>MeshTest,AssertionRoulette
addyi@SoftwareCity,OverviewElementsTest<>RemoveElementsTest,AssertionRoulette
addyi@SoftwareCity,DocumentSorterTest<>SortingByHeightAscTest,AssertionRoulette
addyi@SoftwareCity,ModelTest<>CredentialTest,AssertionRoulette
addyi@SoftwareCity,PyramidTest<>Mesh,AssertionRoulette
addyi@SoftwareCity,DocumentSorterTest<>SortingByHeightDescTest,AssertionRoulette
addyi@SoftwareCity,ComponentLayoutTest<>HelixTest,AssertionRoulette
addyi@SoftwareCity,DocumentSorterTest<>SortingByHeightAndWidthAscTest,AssertionRoulette
39M@M,TransformCopyTranslation<>IdsAreSame,AssertionRoulette
39M@M,RingBufferTest<>Clear,AssertionRoulette
39M@M,RingBufferTest<>PushFront,AssertionRoulette
39M@M,HeapElement<>HeapTest,AssertionRoulette
39M@M,RingBufferTest<>PushBack,AssertionRoulette
A11YTK@A11YTK,CustomExtensionsTest<>ResetRectTransform,AssertionRoulette
A11YTK@A11YTK,SRTTest<>ParseSubtitlesFromSRTContents,AssertionRoulette
A11YTK@A11YTK,SRTTest<>ParseTimeFromContentString,AssertionRoulette
A11YTK@A11YTK,CustomExtensionsTest<>ToColorFromString,AssertionRoulette
A11YTK@A11YTK,CustomExtensionsTest<>ChunkListWithPatternDelimiterFromList,AssertionRoulette
A11YTK@A11YTK,SubtitleOptionsReferenceTest<>SaveAndLoad,AssertionRoulette
addyi@SoftwareCity,DocumentSorterTest<>SortingByWidthDescTest,AssertionRoulette
addyi@SoftwareCity,ModelTest<>AreSelectedMetricsConform,AssertionRoulette
addyi@SoftwareCity,ComponentProducerTest<>GeneratePackageTest,AssertionRoulette
addyi@SoftwareCity,ComponentLayoutTest<>CornerTest,AssertionRoulette
addyi@SoftwareCity,DocumentSorterTest<>SortingByWidthAscTest,AssertionRoulette
addyi@SoftwareCity,DocumentSorterTest<>SortingByHeightAndWidthDescTest,AssertionRoulette
addyi@SoftwareCity,CylinderTest<>MeshTest,AssertionRoulette
addyi@SoftwareCity,OverviewElementsTest<>RemoveElementsTest,AssertionRoulette
addyi@SoftwareCity,DocumentSorterTest<>SortingByHeightAscTest,AssertionRoulette
addyi@SoftwareCity,ModelTest<>CredentialTest,AssertionRoulette
addyi@SoftwareCity,PyramidTest<>Mesh,AssertionRoulette
addyi@SoftwareCity,DocumentSorterTest<>SortingByHeightDescTest,AssertionRoulette
addyi@SoftwareCity,ComponentLayoutTest<>HelixTest,AssertionRoulette
addyi@SoftwareCity,DocumentSorterTest<>SortingByHeightAndWidthAscTest,AssertionRoulette
39M@M,TransformCopyTranslation<>IdsAreSame,AssertionRoulette
39M@M,RingBufferTest<>Clear,AssertionRoulette
39M@M,RingBufferTest<>PushFront,AssertionRoulette
39M@M,HeapElement<>HeapTest,AssertionRoulette
39M@M,RingBufferTest<>PushBack,AssertionRoulette
39M@M,TransformCopyTranslation<>IdsAreSame,AssertionRoulette
39M@M,RingBufferTest<>Clear,AssertionRoulette
39M@M,RingBufferTest<>PushFront,AssertionRoulette
39M@M,HeapElement<>HeapTest,AssertionRoulette
39M@M,RingBufferTest<>PushBack,AssertionRoulette
39M@M,TransformCopyTranslation<>IdsAreSame,AssertionRoulette
39M@M,RingBufferTest<>Clear,AssertionRoulette
39M@M,RingBufferTest<>PushFront,AssertionRoulette
39M@M,HeapElement<>HeapTest,AssertionRoulette
39M@M,RingBufferTest<>PushBack,AssertionRoulette
A11YTK@A11YTK,CustomExtensionsTest<>ResetRectTransform,AssertionRoulette
A11YTK@A11YTK,SRTTest<>ParseSubtitlesFromSRTContents,AssertionRoulette
A11YTK@A11YTK,SRTTest<>ParseTimeFromContentString,AssertionRoulette
A11YTK@A11YTK,CustomExtensionsTest<>ToColorFromString,AssertionRoulette
A11YTK@A11YTK,CustomExtensionsTest<>ChunkListWithPatternDelimiterFromList,AssertionRoulette
A11YTK@A11YTK,SubtitleOptionsReferenceTest<>SaveAndLoad,AssertionRoulette
39M@M,TransformCopyTranslation<>IdsAreSame,AssertionRoulette
39M@M,RingBufferTest<>Clear,AssertionRoulette
39M@M,RingBufferTest<>PushFront,AssertionRoulette
39M@M,HeapElement<>HeapTest,AssertionRoulette
39M@M,RingBufferTest<>PushBack,AssertionRoulette
A11YTK@A11YTK,CustomExtensionsTest<>ResetRectTransform,AssertionRoulette
A11YTK@A11YTK,SRTTest<>ParseSubtitlesFromSRTContents,AssertionRoulette
A11YTK@A11YTK,SRTTest<>ParseTimeFromContentString,AssertionRoulette
A11YTK@A11YTK,CustomExtensionsTest<>ToColorFromString,AssertionRoulette
A11YTK@A11YTK,CustomExtensionsTest<>ChunkListWithPatternDelimiterFromList,AssertionRoulette
A11YTK@A11YTK,SubtitleOptionsReferenceTest<>SaveAndLoad,AssertionRoulette
addyi@SoftwareCity,DocumentSorterTest<>SortingByWidthDescTest,AssertionRoulette
addyi@SoftwareCity,ModelTest<>AreSelectedMetricsConform,AssertionRoulette
addyi@SoftwareCity,ComponentProducerTest<>GeneratePackageTest,AssertionRoulette
addyi@SoftwareCity,ComponentLayoutTest<>CornerTest,AssertionRoulette
addyi@SoftwareCity,DocumentSorterTest<>SortingByWidthAscTest,AssertionRoulette
addyi@SoftwareCity,DocumentSorterTest<>SortingByHeightAndWidthDescTest,AssertionRoulette
addyi@SoftwareCity,CylinderTest<>MeshTest,AssertionRoulette
addyi@SoftwareCity,OverviewElementsTest<>RemoveElementsTest,AssertionRoulette
addyi@SoftwareCity,DocumentSorterTest<>SortingByHeightAscTest,AssertionRoulette
addyi@SoftwareCity,ModelTest<>CredentialTest,AssertionRoulette
addyi@SoftwareCity,PyramidTest<>Mesh,AssertionRoulette
addyi@SoftwareCity,DocumentSorterTest<>SortingByHeightDescTest,AssertionRoulette
addyi@SoftwareCity,ComponentLayoutTest<>HelixTest,AssertionRoulette
addyi@SoftwareCity,DocumentSorterTest<>SortingByHeightAndWidthAscTest,AssertionRoulette
39M@M,TransformCopyTranslation<>IdsAreSame,AssertionRoulette
39M@M,RingBufferTest<>Clear,AssertionRoulette
39M@M,RingBufferTest<>PushFront,AssertionRoulette
39M@M,HeapElement<>HeapTest,AssertionRoulette
39M@M,RingBufferTest<>PushBack,AssertionRoulette
A11YTK@A11YTK,CustomExtensionsTest<>ResetRectTransform,AssertionRoulette
A11YTK@A11YTK,SRTTest<>ParseSubtitlesFromSRTContents,AssertionRoulette
A11YTK@A11YTK,SRTTest<>ParseTimeFromContentString,AssertionRoulette
A11YTK@A11YTK,CustomExtensionsTest<>ToColorFromString,AssertionRoulette
A11YTK@A11YTK,CustomExtensionsTest<>ChunkListWithPatternDelimiterFromList,AssertionRoulette
A11YTK@A11YTK,SubtitleOptionsReferenceTest<>SaveAndLoad,AssertionRoulette
addyi@SoftwareCity,DocumentSorterTest<>SortingByWidthDescTest,AssertionRoulette
addyi@SoftwareCity,ModelTest<>AreSelectedMetricsConform,AssertionRoulette
addyi@SoftwareCity,ComponentProducerTest<>GeneratePackageTest,AssertionRoulette
addyi@SoftwareCity,ComponentLayoutTest<>CornerTest,AssertionRoulette
addyi@SoftwareCity,DocumentSorterTest<>SortingByWidthAscTest,AssertionRoulette
addyi@SoftwareCity,DocumentSorterTest<>SortingByHeightAndWidthDescTest,AssertionRoulette
addyi@SoftwareCity,CylinderTest<>MeshTest,AssertionRoulette
addyi@SoftwareCity,OverviewElementsTest<>RemoveElementsTest,AssertionRoulette
addyi@SoftwareCity,DocumentSorterTest<>SortingByHeightAscTest,AssertionRoulette
addyi@SoftwareCity,ModelTest<>CredentialTest,AssertionRoulette
addyi@SoftwareCity,PyramidTest<>Mesh,AssertionRoulette
addyi@SoftwareCity,DocumentSorterTest<>SortingByHeightDescTest,AssertionRoulette
addyi@SoftwareCity,ComponentLayoutTest<>HelixTest,AssertionRoulette
addyi@SoftwareCity,DocumentSorterTest<>SortingByHeightAndWidthAscTest,AssertionRoulette
39M@M,TransformCopyTranslation<>IdsAreSame,AssertionRoulette
39M@M,RingBufferTest<>Clear,AssertionRoulette
39M@M,RingBufferTest<>PushFront,AssertionRoulette
39M@M,HeapElement<>HeapTest,AssertionRoulette
39M@M,RingBufferTest<>PushBack,AssertionRoulette
A11YTK@A11YTK,CustomExtensionsTest<>ResetRectTransform,AssertionRoulette
A11YTK@A11YTK,SRTTest<>ParseSubtitlesFromSRTContents,AssertionRoulette
A11YTK@A11YTK,SRTTest<>ParseTimeFromContentString,AssertionRoulette
A11YTK@A11YTK,CustomExtensionsTest<>ToColorFromString,AssertionRoulette
A11YTK@A11YTK,CustomExtensionsTest<>ChunkListWithPatternDelimiterFromList,AssertionRoulette
A11YTK@A11YTK,SubtitleOptionsReferenceTest<>SaveAndLoad,AssertionRoulette
addyi@SoftwareCity,DocumentSorterTest<>SortingByWidthDescTest,AssertionRoulette
addyi@SoftwareCity,ModelTest<>AreSelectedMetricsConform,AssertionRoulette
addyi@SoftwareCity,ComponentProducerTest<>GeneratePackageTest,AssertionRoulette
addyi@SoftwareCity,ComponentLayoutTest<>CornerTest,AssertionRoulette
addyi@SoftwareCity,DocumentSorterTest<>SortingByWidthAscTest,AssertionRoulette
addyi@SoftwareCity,DocumentSorterTest<>SortingByHeightAndWidthDescTest,AssertionRoulette
addyi@SoftwareCity,CylinderTest<>MeshTest,AssertionRoulette
addyi@SoftwareCity,OverviewElementsTest<>RemoveElementsTest,AssertionRoulette
addyi@SoftwareCity,DocumentSorterTest<>SortingByHeightAscTest,AssertionRoulette
addyi@SoftwareCity,ModelTest<>CredentialTest,AssertionRoulette
addyi@SoftwareCity,PyramidTest<>Mesh,AssertionRoulette
addyi@SoftwareCity,DocumentSorterTest<>SortingByHeightDescTest,AssertionRoulette
addyi@SoftwareCity,ComponentLayoutTest<>HelixTest,AssertionRoulette
addyi@SoftwareCity,DocumentSorterTest<>SortingByHeightAndWidthAscTest,AssertionRoulette
39M@M,TransformCopyTranslation<>IdsAreSame,AssertionRoulette
39M@M,RingBufferTest<>Clear,AssertionRoulette
39M@M,RingBufferTest<>PushFront,AssertionRoulette
39M@M,HeapElement<>HeapTest,AssertionRoulette
39M@M,RingBufferTest<>PushBack,AssertionRoulette
A11YTK@A11YTK,CustomExtensionsTest<>ResetRectTransform,AssertionRoulette
A11YTK@A11YTK,SRTTest<>ParseSubtitlesFromSRTContents,AssertionRoulette
A11YTK@A11YTK,SRTTest<>ParseTimeFromContentString,AssertionRoulette
A11YTK@A11YTK,CustomExtensionsTest<>ToColorFromString,AssertionRoulette
A11YTK@A11YTK,CustomExtensionsTest<>ChunkListWithPatternDelimiterFromList,AssertionRoulette
A11YTK@A11YTK,SubtitleOptionsReferenceTest<>SaveAndLoad,AssertionRoulette
addyi@SoftwareCity,DocumentSorterTest<>SortingByWidthDescTest,AssertionRoulette
addyi@SoftwareCity,ModelTest<>AreSelectedMetricsConform,AssertionRoulette
addyi@SoftwareCity,ComponentProducerTest<>GeneratePackageTest,AssertionRoulette
addyi@SoftwareCity,ComponentLayoutTest<>CornerTest,AssertionRoulette
addyi@SoftwareCity,DocumentSorterTest<>SortingByWidthAscTest,AssertionRoulette
addyi@SoftwareCity,DocumentSorterTest<>SortingByHeightAndWidthDescTest,AssertionRoulette
addyi@SoftwareCity,CylinderTest<>MeshTest,AssertionRoulette
addyi@SoftwareCity,OverviewElementsTest<>RemoveElementsTest,AssertionRoulette
addyi@SoftwareCity,DocumentSorterTest<>SortingByHeightAscTest,AssertionRoulette
addyi@SoftwareCity,ModelTest<>CredentialTest,AssertionRoulette
addyi@SoftwareCity,PyramidTest<>Mesh,AssertionRoulette
addyi@SoftwareCity,DocumentSorterTest<>SortingByHeightDescTest,AssertionRoulette
addyi@SoftwareCity,ComponentLayoutTest<>HelixTest,AssertionRoulette
addyi@SoftwareCity,DocumentSorterTest<>SortingByHeightAndWidthAscTest,AssertionRoulette
39M@M,TransformCopyTranslation<>IdsAreSame,AssertionRoulette
39M@M,RingBufferTest<>Clear,AssertionRoulette
39M@M,RingBufferTest<>PushFront,AssertionRoulette
39M@M,HeapElement<>HeapTest,AssertionRoulette
39M@M,RingBufferTest<>PushBack,AssertionRoulette
A11YTK@A11YTK,CustomExtensionsTest<>ResetRectTransform,AssertionRoulette
A11YTK@A11YTK,SRTTest<>ParseSubtitlesFromSRTContents,AssertionRoulette
A11YTK@A11YTK,SRTTest<>ParseTimeFromContentString,AssertionRoulette
A11YTK@A11YTK,CustomExtensionsTest<>ToColorFromString,AssertionRoulette
A11YTK@A11YTK,CustomExtensionsTest<>ChunkListWithPatternDelimiterFromList,AssertionRoulette
A11YTK@A11YTK,SubtitleOptionsReferenceTest<>SaveAndLoad,AssertionRoulette
addyi@SoftwareCity,DocumentSorterTest<>SortingByWidthDescTest,AssertionRoulette
addyi@SoftwareCity,ModelTest<>AreSelectedMetricsConform,AssertionRoulette
addyi@SoftwareCity,ComponentProducerTest<>GeneratePackageTest,AssertionRoulette
addyi@SoftwareCity,ComponentLayoutTest<>CornerTest,AssertionRoulette
addyi@SoftwareCity,DocumentSorterTest<>SortingByWidthAscTest,AssertionRoulette
addyi@SoftwareCity,DocumentSorterTest<>SortingByHeightAndWidthDescTest,AssertionRoulette
addyi@SoftwareCity,CylinderTest<>MeshTest,AssertionRoulette
addyi@SoftwareCity,OverviewElementsTest<>RemoveElementsTest,AssertionRoulette
addyi@SoftwareCity,DocumentSorterTest<>SortingByHeightAscTest,AssertionRoulette
addyi@SoftwareCity,ModelTest<>CredentialTest,AssertionRoulette
addyi@SoftwareCity,PyramidTest<>Mesh,AssertionRoulette
addyi@SoftwareCity,DocumentSorterTest<>SortingByHeightDescTest,AssertionRoulette
addyi@SoftwareCity,ComponentLayoutTest<>HelixTest,AssertionRoulette
addyi@SoftwareCity,DocumentSorterTest<>SortingByHeightAndWidthAscTest,AssertionRoulette
39M@M,TransformCopyTranslation<>IdsAreSame,AssertionRoulette
39M@M,RingBufferTest<>Clear,AssertionRoulette
39M@M,RingBufferTest<>PushFront,AssertionRoulette
39M@M,HeapElement<>HeapTest,AssertionRoulette
39M@M,RingBufferTest<>PushBack,AssertionRoulette
A11YTK@A11YTK,CustomExtensionsTest<>ResetRectTransform,AssertionRoulette
A11YTK@A11YTK,SRTTest<>ParseSubtitlesFromSRTContents,AssertionRoulette
A11YTK@A11YTK,SRTTest<>ParseTimeFromContentString,AssertionRoulette
A11YTK@A11YTK,CustomExtensionsTest<>ToColorFromString,AssertionRoulette
A11YTK@A11YTK,CustomExtensionsTest<>ChunkListWithPatternDelimiterFromList,AssertionRoulette
A11YTK@A11YTK,SubtitleOptionsReferenceTest<>SaveAndLoad,AssertionRoulette
addyi@SoftwareCity,DocumentSorterTest<>SortingByWidthDescTest,AssertionRoulette
addyi@SoftwareCity,ModelTest<>AreSelectedMetricsConform,AssertionRoulette
addyi@SoftwareCity,ComponentProducerTest<>GeneratePackageTest,AssertionRoulette
addyi@SoftwareCity,ComponentLayoutTest<>CornerTest,AssertionRoulette
addyi@SoftwareCity,DocumentSorterTest<>SortingByWidthAscTest,AssertionRoulette
addyi@SoftwareCity,DocumentSorterTest<>SortingByHeightAndWidthDescTest,AssertionRoulette
addyi@SoftwareCity,CylinderTest<>MeshTest,AssertionRoulette
addyi@SoftwareCity,OverviewElementsTest<>RemoveElementsTest,AssertionRoulette
addyi@SoftwareCity,DocumentSorterTest<>SortingByHeightAscTest,AssertionRoulette
addyi@SoftwareCity,ModelTest<>CredentialTest,AssertionRoulette
addyi@SoftwareCity,PyramidTest<>Mesh,AssertionRoulette
addyi@SoftwareCity,DocumentSorterTest<>SortingByHeightDescTest,AssertionRoulette
addyi@SoftwareCity,ComponentLayoutTest<>HelixTest,AssertionRoulette
addyi@SoftwareCity,DocumentSorterTest<>SortingByHeightAndWidthAscTest,AssertionRoulette
39M@M,TransformCopyTranslation<>IdsAreSame,AssertionRoulette
39M@M,RingBufferTest<>Clear,AssertionRoulette
39M@M,RingBufferTest<>PushFront,AssertionRoulette
39M@M,HeapElement<>HeapTest,AssertionRoulette
39M@M,RingBufferTest<>PushBack,AssertionRoulette
A11YTK@A11YTK,CustomExtensionsTest<>ResetRectTransform,AssertionRoulette
A11YTK@A11YTK,SRTTest<>ParseSubtitlesFromSRTContents,AssertionRoulette
A11YTK@A11YTK,SRTTest<>ParseTimeFromContentString,AssertionRoulette
A11YTK@A11YTK,CustomExtensionsTest<>ToColorFromString,AssertionRoulette
A11YTK@A11YTK,CustomExtensionsTest<>ChunkListWithPatternDelimiterFromList,AssertionRoulette
A11YTK@A11YTK,SubtitleOptionsReferenceTest<>SaveAndLoad,AssertionRoulette
addyi@SoftwareCity,DocumentSorterTest<>SortingByWidthDescTest,AssertionRoulette
addyi@SoftwareCity,ModelTest<>AreSelectedMetricsConform,AssertionRoulette
addyi@SoftwareCity,ComponentProducerTest<>GeneratePackageTest,AssertionRoulette
addyi@SoftwareCity,ComponentLayoutTest<>CornerTest,AssertionRoulette
addyi@SoftwareCity,DocumentSorterTest<>SortingByWidthAscTest,AssertionRoulette
addyi@SoftwareCity,DocumentSorterTest<>SortingByHeightAndWidthDescTest,AssertionRoulette
addyi@SoftwareCity,CylinderTest<>MeshTest,AssertionRoulette
addyi@SoftwareCity,OverviewElementsTest<>RemoveElementsTest,AssertionRoulette
addyi@SoftwareCity,DocumentSorterTest<>SortingByHeightAscTest,AssertionRoulette
addyi@SoftwareCity,ModelTest<>CredentialTest,AssertionRoulette
addyi@SoftwareCity,PyramidTest<>Mesh,AssertionRoulette
addyi@SoftwareCity,DocumentSorterTest<>SortingByHeightDescTest,AssertionRoulette
addyi@SoftwareCity,ComponentLayoutTest<>HelixTest,AssertionRoulette
addyi@SoftwareCity,DocumentSorterTest<>SortingByHeightAndWidthAscTest,AssertionRoulette
39M@M,TransformCopyTranslation<>IdsAreSame,AssertionRoulette
39M@M,RingBufferTest<>Clear,AssertionRoulette
39M@M,RingBufferTest<>PushFront,AssertionRoulette
39M@M,HeapElement<>HeapTest,AssertionRoulette
39M@M,RingBufferTest<>PushBack,AssertionRoulette
A11YTK@A11YTK,CustomExtensionsTest<>ResetRectTransform,AssertionRoulette
A11YTK@A11YTK,SRTTest<>ParseSubtitlesFromSRTContents,AssertionRoulette
A11YTK@A11YTK,SRTTest<>ParseTimeFromContentString,AssertionRoulette
A11YTK@A11YTK,CustomExtensionsTest<>ToColorFromString,AssertionRoulette
A11YTK@A11YTK,CustomExtensionsTest<>ChunkListWithPatternDelimiterFromList,AssertionRoulette
A11YTK@A11YTK,SubtitleOptionsReferenceTest<>SaveAndLoad,AssertionRoulette
addyi@SoftwareCity,DocumentSorterTest<>SortingByWidthDescTest,AssertionRoulette
addyi@SoftwareCity,ModelTest<>AreSelectedMetricsConform,AssertionRoulette
addyi@SoftwareCity,ComponentProducerTest<>GeneratePackageTest,AssertionRoulette
addyi@SoftwareCity,ComponentLayoutTest<>CornerTest,AssertionRoulette
addyi@SoftwareCity,DocumentSorterTest<>SortingByWidthAscTest,AssertionRoulette
addyi@SoftwareCity,DocumentSorterTest<>SortingByHeightAndWidthDescTest,AssertionRoulette
addyi@SoftwareCity,CylinderTest<>MeshTest,AssertionRoulette
addyi@SoftwareCity,OverviewElementsTest<>RemoveElementsTest,AssertionRoulette
addyi@SoftwareCity,DocumentSorterTest<>SortingByHeightAscTest,AssertionRoulette
addyi@SoftwareCity,ModelTest<>CredentialTest,AssertionRoulette
addyi@SoftwareCity,PyramidTest<>Mesh,AssertionRoulette
addyi@SoftwareCity,DocumentSorterTest<>SortingByHeightDescTest,AssertionRoulette
addyi@SoftwareCity,ComponentLayoutTest<>HelixTest,AssertionRoulette
addyi@SoftwareCity,DocumentSorterTest<>SortingByHeightAndWidthAscTest,AssertionRoulette
39M@M,TransformCopyTranslation<>IdsAreSame,AssertionRoulette
39M@M,RingBufferTest<>Clear,AssertionRoulette
39M@M,RingBufferTest<>PushFront,AssertionRoulette
39M@M,HeapElement<>HeapTest,AssertionRoulette
39M@M,RingBufferTest<>PushBack,AssertionRoulette
A11YTK@A11YTK,CustomExtensionsTest<>ResetRectTransform,AssertionRoulette
A11YTK@A11YTK,SRTTest<>ParseSubtitlesFromSRTContents,AssertionRoulette
A11YTK@A11YTK,SRTTest<>ParseTimeFromContentString,AssertionRoulette
A11YTK@A11YTK,CustomExtensionsTest<>ToColorFromString,AssertionRoulette
A11YTK@A11YTK,CustomExtensionsTest<>ChunkListWithPatternDelimiterFromList,AssertionRoulette
A11YTK@A11YTK,SubtitleOptionsReferenceTest<>SaveAndLoad,AssertionRoulette
addyi@SoftwareCity,DocumentSorterTest<>SortingByWidthDescTest,AssertionRoulette
addyi@SoftwareCity,ModelTest<>AreSelectedMetricsConform,AssertionRoulette
addyi@SoftwareCity,ComponentProducerTest<>GeneratePackageTest,AssertionRoulette
addyi@SoftwareCity,ComponentLayoutTest<>CornerTest,AssertionRoulette
addyi@SoftwareCity,DocumentSorterTest<>SortingByWidthAscTest,AssertionRoulette
addyi@SoftwareCity,DocumentSorterTest<>SortingByHeightAndWidthDescTest,AssertionRoulette
addyi@SoftwareCity,CylinderTest<>MeshTest,AssertionRoulette
addyi@SoftwareCity,OverviewElementsTest<>RemoveElementsTest,AssertionRoulette
addyi@SoftwareCity,DocumentSorterTest<>SortingByHeightAscTest,AssertionRoulette
addyi@SoftwareCity,ModelTest<>CredentialTest,AssertionRoulette
addyi@SoftwareCity,PyramidTest<>Mesh,AssertionRoulette
addyi@SoftwareCity,DocumentSorterTest<>SortingByHeightDescTest,AssertionRoulette
addyi@SoftwareCity,ComponentLayoutTest<>HelixTest,AssertionRoulette
addyi@SoftwareCity,DocumentSorterTest<>SortingByHeightAndWidthAscTest,AssertionRoulette
